,school,test_optional,applies_to_class_year,policy_details,number_of_applicants,accept_rate,sat_total_middle50_percentile,act_total_middle50_percentile,city,state,zip,sat_total_25th_percentile,sat_total_75th_percentile,act_total_25th_percentile,act_total_75th_percentile,accept_rate_float,sat_school_avg,act_school_avg,should_scores_be_submitted
0,Stanford University,Yes,2021,Stanford has adopted a one-year test optional policy for applicants in the 2020-21 admission cycle. Stanford does not offer merit-based aid.,47452,4.3%,1440-1570,32-35,Stanford,CA,94305,1440.0,1570.0,32.0,35.0,0.043,1505.0,33.5,False
1,Princeton University,Yes,2021,Princeton has adopted a one-year test optional policy for first-year and transfer applicants both domestic and international in the 2020-21 admission cycle.. Princeton does not offer merit-based aid.,35370,5.5%,1440-1570,32-35,Princeton,NJ,08544-0070,1440.0,1570.0,32.0,35.0,0.055,1505.0,33.5,False
2,Yale University,Yes,2021,Yale has adopted a one-year test optional policy for the 2020-21 admission cycle. Yale does not offer merit-based aid.,36844,6.1%,1460-1570,33-35,New Haven,CT,6520,1460.0,1570.0,33.0,35.0,0.061,1515.0,34.0,False
7,Pomona College,Yes,2021,Pomona College has adopted a one-year test optional policy for first-year and transfer applicants both domestic and international in the 2020-21 admission cycle. Pomona College does not offer merit-based aid.,10401,7.4%,1390-1540,32-35,Claremont,CA,91711-6319,1390.0,1540.0,32.0,35.0,0.07400000000000001,1465.0,33.5,False
8,University of Pennsylvania,Yes,2021,UPenn has adopted a one-year test optional policy for first-year applicants both domestic and international in the 2020-21 admission cycle. UPenn does not offer merit-based aid.,44961,7.7%,1450-1560,33-35,Philadelphia,PA,19104-6303,1450.0,1560.0,33.0,35.0,0.077,1505.0,34.0,False
9,Dartmouth College,Yes,2021,Dartmouth has adopted a one-year test optional policy for applicants in the 2020-21 admission cycle. Dartmouth does not offer merit-based aid.,23650,7.9%,1440-1560,32-35,Hanover,NH,03755-3529,1440.0,1560.0,32.0,35.0,0.079,1500.0,33.5,False
10,Bowdoin College,Yes,All / Permanent Policy,Bowdoin College offers a test optional policy which allows students to be considered for admission without SAT or ACT scores. Bowdoin does not offer merit-based aid.,9332,8.8%,1330-1520,31-34,Brunswick,ME,4011,1330.0,1520.0,31.0,34.0,0.08800000000000001,1425.0,32.5,False
11,Duke University,Yes,2021,Duke has adopted a one-year test optional policy for applicants in the 2020-21 admission cycle.,35767,8.9%,1450-1570,33-35,Durham,NC,27708,1450.0,1570.0,33.0,35.0,0.08900000000000001,1510.0,34.0,False
12,Swarthmore College,Yes,2021 2022,Swarthmore has adopted a two-year test optional policy for all first-year and transfer applicants beginning with the 2020-21 admission cycle. After a two-year period Swarthmore will re-evaluate whether to continue the test optional policy indefinitely or reinstate a testing requirement for admission.,11442,8.9%,1380-1540,31-35,Swarthmore,PA,19081,1380.0,1540.0,31.0,35.0,0.08900000000000001,1460.0,33.0,False
13,Northwestern University,Yes,2021,Northwestern has adopted a one-year test optional policy for students applying in the 2020-21 admission cycle.,40585,9.1%,1440-1550,33-35,Evanston,IL,60208,1440.0,1550.0,33.0,35.0,0.091,1495.0,34.0,False
14,Vanderbilt University,Yes,2021,Vanderbilthas adopted a one-year test optional policy for all first-year and transfer applicants both domestic and international for Fall 2021 matriculation.,37310,9.1%,1460-1560,33-35,Nashville,TN,37240,1460.0,1560.0,33.0,35.0,0.091,1510.0,34.0,False
15,Claremont McKenna College,Yes,2021,Claremont McKenna College has adopted a one-year test optional policy for all first-year applicants both domestic and international in the 2020-21 admission cycle.,6066,10.3%,1360-1510,31-34,Claremont,CA,91711-6400,1360.0,1510.0,31.0,34.0,0.10300000000000001,1435.0,32.5,False
16,Johns Hopkins University,Yes,2021,Johns Hopkins has adopted a one-year test optional policy for the 2020-21 admission cycle.,29129,10.6%,1470-1560,33-35,Baltimore,MD,21218-2688,1470.0,1560.0,33.0,35.0,0.106,1515.0,34.0,False
17,Cornell University,Yes,2021,Cornell has adopted a one-year test optional policy for first-year applicants in the 2020-21 admission cycle. Cornell does not offer merit-based aid.,49114,10.9%,1400-1560,32-35,Ithaca,NY,14853,1400.0,1560.0,32.0,35.0,0.109,1480.0,33.5,False
18,Rice University,Yes,2021,Rice has adopted a one-year test optional policy for all first-year and transfer students applying in the 2020-21 admission cycle.,20923,11.1%,1450-1560,33-35,Houston,TX,77005-1827,1450.0,1560.0,33.0,35.0,0.111,1505.0,34.0,False
19,Amherst College,Yes,2021,Amherst College has adopted a one-year test optional policy for all first-year applicants both domestic and international in the 2020-21 admission cycle. Amherst College does not offer merit-based aid.,10569,11.3%,1410-1550,31-34,Amherst,MA,01002-5000,1410.0,1550.0,31.0,34.0,0.113,1480.0,32.5,False
20,Barnard College,Yes,2021,Barnard College has adopted a one-year test optional policy for all first-year applicants both domestic and international in the 2020-21 admission cycle. Barnard College does not offer merit-based aid.,9320,11.8%,1340-1520,31-34,New York,NY,10027-6598,1340.0,1520.0,31.0,34.0,0.11800000000000001,1430.0,32.5,False
21,Bates College,Yes,All / Permanent Policy,Bates offers a test optional policy which allows students to be considered for admission without SAT or ACT scores. Bates does not offer merit-based aid.,8222,12.1%,1270-1480,29-33,Lewiston,ME,4240,1270.0,1480.0,29.0,33.0,0.121,1375.0,31.0,False
22,University of Southern California,Yes,2021,USC has adopted a one-year test optional policy for first-year applicants both domestic and international in the 2020-21 admission cycle.,64352,13.0%,1350-1530,30-34,Los Angeles,CA,90089,1350.0,1530.0,30.0,34.0,0.13,1440.0,32.0,False
23,Williams College,Yes,2021,Williams College has adopted a one-year test optional policy for first-time international and transfer applicants in the 2020-21 admission cycle. Williams college does not offer merit-based aid.,9560,13.0%,1410-1550,32-35,Williamstown,MA,1267,1410.0,1550.0,32.0,35.0,0.13,1480.0,33.5,False
24,Colby College,Yes,All / Permanent Policy,Colby College offers a test optional policy which allows students to be considered for admission without SAT or ACT scores. Colby does not offer merit-based aid.,12313,13.0%,1350-1510,31-33,Waterville,ME,04901-8840,1350.0,1510.0,31.0,33.0,0.13,1430.0,32.0,False
25,Pitzer College,Yes,All / Permanent Policy,Pitzer offers a test optional policy which allows students to be considered for admission without SAT or ACT scores. However applicants to the joint medical program homeschooled students and students who attend secondary schools at which grades are not provided are not eligible for test optional admission.,4358,13.3%,1340-1490,30-33,Claremont,CA,91711-6101,1340.0,1490.0,30.0,33.0,0.133,1415.0,31.5,False
26,Colorado College,Yes,All / Permanent Policy,Colorado College offers a test optional policy which allows students to be considered for admission without SAT or ACT scores. However homeschooled students and international students are not eligible for test optional admission.,9456,13.5%,1300-1480,29-33,Colorado Springs,CO,80903,1300.0,1480.0,29.0,33.0,0.135,1390.0,31.0,False
27,Harvey Mudd College,Yes,2021,Harvey Mudd has adopted a one-year test optional policy for all first-year and transfer students applying in the 2020-21 admission cycle.,4045,13.7%,1490-1570,33-35,Claremont,CA,91711,1490.0,1570.0,33.0,35.0,0.13699999999999998,1530.0,34.0,False
28,Georgetown University,Yes,2021,Georgetown has adopted a one-year test optional policy for students applying in the 2020-21 admission cycle. Georgetown does not offer merit-based aid.,22872,14.5%,1370-1530,31-34,Washington,DC,20057-0001,1370.0,1530.0,31.0,34.0,0.145,1450.0,32.5,False
29,Tufts University,Yes,2021 2022 2023,Tufts has adopted a three-year test optional policy for first-time international and homeschooled students beginning with the 2020-21 admission cycle. After a three-year pilot period Tufts will reevaluate whether to continue the test optional policy indefinitely or reinstate a testing requirement for admission. Tufts does not offer merit-based aid.,22766,15.0%,1390-1540,32-34,Medford,MA,02155-5555,1390.0,1540.0,32.0,34.0,0.15,1465.0,33.0,False
30,Middlebury College,Yes,2021 2022 2023,Middlebury has adopted a three-year test optional policy for first-year and transfer students beginning with the 2020-21 admission cycle. After a three-year pilot period Middlebury will re-evaluate whether to continue the test optional policy indefinitely or return to its previous test flexible policy. Middlebury does not offer merit-based aid.,9754,15.4%,1360-1530,32-34,Middlebury,VT,5753,1360.0,1530.0,32.0,34.0,0.154,1445.0,33.0,False
31,Carnegie Mellon University,Yes,2021,Carnegie Mellon has adopted a one-year test optional policy for applicants in the 2020-21 admission cycle. Carnegie Mellon does not offer merit-based aid.,27634,15.4%,1460-1560,33-35,Pittsburgh,PA,15213-3890,1460.0,1560.0,33.0,35.0,0.154,1510.0,34.0,False
32,University of Notre Dame,Yes,2021,Notre Dame has adopted a one-year test optional policy for all first year and transfer students applying in the 2020-21 admission cycle.,22200,15.8%,1400-1550,32-35,Notre Dame,IN,46556,1400.0,1550.0,32.0,35.0,0.158,1475.0,33.5,False
33,New York University,Yes,2021,NYU has adopted a one-year test optional policy for students applying in the 2020-21 admission cycle.,79462,16.2%,1370-1510,30-34,New York,NY,10012-1091,1370.0,1510.0,30.0,34.0,0.162,1440.0,32.0,False
34,Haverford College,Yes,2021 2022 2023,Haverford has adopted a three-year test optional policy for all first-year and transfer applicants beginning with the 2020-21 admission cycle. After a three-year period Haverford will re-evaluate whether to continue the test optional policy indefinitely or reinstate a testing requirement for admission. Haverford does not offer merit-based aid.,4963,16.3%,1380-1540,32-34,Haverford,PA,19041-1392,1380.0,1540.0,32.0,34.0,0.163,1460.0,33.0,False
35,Wesleyan University,Yes,All / Permanent Policy,Wesleyan University offers a test optional policy which allows students to be considered for admission without SAT or ACT scores. However homeschooled students are not eligible for test optional admission. International students will not be required to submit SAT or ACT scores for the 2020-21 admission cycle.,13264,16.5%,1320-1510,31-34,Middletown,CT,6459,1320.0,1510.0,31.0,34.0,0.165,1415.0,32.5,False
36,Hamilton College,Yes,2021,Hamilton College has adopted a one-year test optional policy for all first-year and transfer applicants in the 2020-21 admission cycle. Hamilton does not offer merit-based aid.,8279,16.5%,1370-1520,32-34,Clinton,NY,13323,1370.0,1520.0,32.0,34.0,0.165,1445.0,33.0,False
37,Northeastern University,Yes,2021,Northeastern University has adopted a one-year test optional policy for first-year applicants both domestic and international in the 2020-21 admission cycle.,62263,18.1%,1390-1540,32-35,Boston,MA,02115-5005,1390.0,1540.0,32.0,35.0,0.18100000000000002,1465.0,33.5,False
38,Davidson College,Yes,2021 2022 2023,Davidson has adopted a three-year test optional policy for first-time students beginning with the 2020-21 admission cycle. However homeschooled students and students who attend non-traditional schools are not eligible for test optional admission. After a three-year pilot period Davidson will re-evaluate whether to continue the test optional policy indefinitely or reinstate a testing requirement for admission.,5982,18.1%,1310-1485,30-33,Davidson,NC,28035,1310.0,1485.0,30.0,33.0,0.18100000000000002,1397.5,31.5,False
39,Emory University,Yes,2021,Emory has adopted a one-year test optional policy for applicants in the 2020-21 admission cycle.,27559,18.5%,1350-1520,31-34,Atlanta,GA,30322,1350.0,1520.0,31.0,34.0,0.185,1435.0,32.5,False
40,Carleton College,Yes,2021,Carleton College has adopted a one-year test optional policy for all first-year applicants both domestic and international in the 2020-21 admission cycle. Carleton College does not offer merit-based aid.,7382,19.0%,1360-1540,31-34,Northfield,MN,55057,1360.0,1540.0,31.0,34.0,0.19,1450.0,32.5,False
41,Washington and Lee University,Yes,2021,Washington and Lee has adopted a one-year test optional policy for first-year applicants both domestic and international in the 2020-21 admission cycle.,5855,21.2%,1348-1490,31-34,Lexington,VA,24450-2116,1348.0,1490.0,31.0,34.0,0.212,1419.0,32.5,False
42,Wellesley College,Yes,2021,Wellesley College has adopted a one-year test optional policy for all first-year applicants both domestic and international in the 2020-21 admission cycle. Wellesley College does not offer merit-based aid.,6395,21.6%,1360-1530,31-34,Wellesley,MA,02481-8203,1360.0,1530.0,31.0,34.0,0.21600000000000003,1445.0,32.5,False
43,Boston University,Yes,2021,Boston University has adopted a one-year test optional policy for all first year applicants both domestic and international in the 2020-21 admission cycle.,64481,22.1%,1330-1500,30-33,Boston,MA,2215,1330.0,1500.0,30.0,33.0,0.221,1415.0,31.5,False
44,Colgate University,Yes,2021,Colgate University has adopted a one-year test optional policy for all first-year applicants both domestic and international in the 2020-21 admission cycle. Colgate does not offer merit-based aid.,9951,22.6%,1330-1500,31-34,Hamilton,NY,13346-1398,1330.0,1500.0,31.0,34.0,0.226,1415.0,32.5,False
45,Vassar College,Yes,2021,Vassar College has adopted a one-year test optional policy for first-year applicants in the 2020-21 admission cycle. Vassar College does not offer merit-based aid.,8961,23.7%,1370-1530,31-34,Poughkeepsie,NY,12604,1370.0,1530.0,31.0,34.0,0.237,1450.0,32.5,False
46,Rhode Island School of Design,Yes,All / Permanent Policy,Rhode Island School of Design offers a test optional policy which allows students to be considered for admission without SAT or ACT scores. However international and homeschooled students are still required to submit test scores.,3913,23.9%,1180-1440,26-32,Providence,RI,02903-2784,1180.0,1440.0,26.0,32.0,0.239,1310.0,29.0,False
47,Grinnell College,Yes,2021,Grinnell has adopted a one-year test optional policy for all first-year students applying in the 2020-21 admission cycle.,7349,24.4%,1370-1530,30-34,Grinnell,IA,50112-1690,1370.0,1530.0,30.0,34.0,0.244,1450.0,32.0,False
48,Babson College,Yes,2021,Babson has adopted a one-year test optional policy for first-year applicants both domestic and international in the 2020-21 admission cycle.,6362,24.0%,1270-1450,28-32,Wellesley,MA,02457-0310,1270.0,1450.0,28.0,32.0,0.24,1360.0,30.0,False
49,University of Miami,Yes,2021,University of Miami has adopted a one-year test optional policy for first-year applicants in the 2020-21 admission cycle.,38919,27.1%,1280-1420,29-32,Coral Gables,FL,33146,1280.0,1420.0,29.0,32.0,0.271,1350.0,30.5,False
50,Boston College,Yes,2021,Boston College has adopted a one-year test optional policy for the 2020-21 admission cycle.,35552,27.2%,1370-1490,31-34,Chestnut Hill,MA,2467,1370.0,1490.0,31.0,34.0,0.272,1430.0,32.5,False
51,Villanova University,Yes,2021,Villanova has adopted a one-year test optional policy for first-year applicants in the 2020-21 admission cycle.,22909,28.2%,1320-1470,31-34,Villanova,PA,19085-1699,1320.0,1470.0,31.0,34.0,0.282,1395.0,32.5,False
52,University of Richmond,Yes,2021,University of Richmond has adopted a one-year test optional policy for first-year applicants both domestic and international in the 2020-21 admission cycle.,12356,28.3%,1290-1460,30-33,University of Richmond,VA,23173,1290.0,1460.0,30.0,33.0,0.28300000000000003,1375.0,31.5,False
53,Trinity University,Yes,2021 2022 2023,Trinity University has adopted a three-year test optional policy for first-time international and homeschooled students beginning with the 2020-21 admission cycle. After a three-year pilot period Trinity will re-evaluate whether to continue the test optional policy indefinitely or reinstate a testing requirement for admission.,9864,28.8%,1290-1450,29-32,San Antonio,TX,78212-7200,1290.0,1450.0,29.0,32.0,0.28800000000000003,1370.0,30.5,False
54,Case Western Reserve University,Yes,2021,Case Western Reserve has adopted a one-year test optional policy for first-year applicants both domestic and international in the 2020-21 admission cycle. Case Western Reserve will determine policies for future classes in winter 2020-21.,26642,29.3%,1350-1520,30-34,Cleveland,OH,44106,1350.0,1520.0,30.0,34.0,0.293,1435.0,32.0,False
55,University of Rochester,Yes,All / Permanent Policy,The University of Rochester offers a test optional policy which allows students to be considered for admission without SAT or ACT scores.,20216,29.5%,1300-1500,29-33,Rochester,NY,14627-0011,1300.0,1500.0,29.0,33.0,0.295,1400.0,31.0,False
56,Wake Forest University,Yes,All / Permanent Policy,Wake Forest offers a test optional policy which allows students to be considered for admission without SAT or ACT scores.,12559,29.6%,1320-1490,30-33,Winston-Salem,NC,27106,1320.0,1490.0,30.0,33.0,0.29600000000000004,1405.0,31.5,False
57,Skidmore College,Yes,All / Permanent Policy,Skidmore College offers a test optional policy which allows students to be considered for admission without SAT or ACT scores. However international students and homeschooled students are not eligible for test optional admission.,11102,30.0%,1220-1400,28-32,Saratoga Springs,NY,12866,1220.0,1400.0,28.0,32.0,0.3,1310.0,30.0,False
58,Franklin and Marshall College,Yes,All / Permanent Policy,Franklin and Marshall College offers a test optional policy which allows students to be considered for admission without SAT or ACT scores. However homeschooled students are not eligible for test optional admission. Franklin and Marshall does not offer merit-based aid.,9502,30.4%,1250-1460,28-32,Lancaster,PA,17604-3003,1250.0,1460.0,28.0,32.0,0.304,1355.0,30.0,False
59,Brandeis University,Yes,All / Permanent Policy,Brandeis University offers a test optional policy which allows students to be considered for admission without SAT or ACT scores. However homeschooled students are not eligible for test optional admission.,11798,31.1%,1280-1500,29-33,Waltham,MA,02454-9110,1280.0,1500.0,29.0,33.0,0.311,1390.0,31.0,False
60,Lafayette College,Yes,2021,Lafayette College has adopted a one-year test optional policy for first-year applicants both domestic and international in the 2020-21 admission cycle.,8521,31.5%,1250-1440,28-33,Easton,PA,18042-1768,1250.0,1440.0,28.0,33.0,0.315,1345.0,30.5,False
61,American University,Yes,All / Permanent Policy,American University offers a test optional policy which allows students to be considered for admission without SAT or ACT scores. Homeschooled students are highly encouraged to submit 2 SAT Subject test scores.,18984,31.5%,1220-1380,27-31,Washington,DC,20016-8001,1220.0,1380.0,27.0,31.0,0.315,1300.0,29.0,False
62,Scripps College,Yes,All / Permanent Policy,Scripps offers a test optional policy which allows students to be considered for admission without SAT or ACT scores.,3022,32.0%,1333-1490,30-33,Claremont,CA,91711-3905,1333.0,1490.0,30.0,33.0,0.32,1411.5,31.5,False
63,Lehigh University,Yes,2021,Lehigh has adopted a one-year test optional policy for students applying in the 2020-21 admission cycle.,15649,32.1%,1280-1450,29-33,Bethlehem,PA,18015,1280.0,1450.0,29.0,33.0,0.321,1365.0,31.0,False
64,Macalester College,Yes,All / Permanent Policy,Macalester College offers a test optional policy which allows students to be considered for admission without SAT or ACT scores. However Macalester recommends that homeschooled students and students who attend high schools that do not provide grades submit SAT or ACT scores.,6598,32.3%,1320-1510,29-33,Saint Paul,MN,55105-1899,1320.0,1510.0,29.0,33.0,0.32299999999999995,1415.0,31.0,False
65,Smith College,Yes,All / Permanent Policy,Smith College offers a test optional policy which allows students to be considered for admission without SAT or ACT scores. However international students are not eligible for test optional admission.,5597,32.5%,1340-1520,30-33,Northampton,MA,1063,1340.0,1520.0,30.0,33.0,0.325,1430.0,31.5,False
66,Bryn Mawr College,Yes,All / Permanent Policy,Bryn Mawr offers a test optional policy which allows students to be considered for admission without SAT or ACT scores. However international students are not eligible for test optional admission.,3332,33.1%,1290-1510,29-33,Bryn Mawr,PA,19010,1290.0,1510.0,29.0,33.0,0.331,1400.0,31.0,False
67,Denison University,Yes,All / Permanent Policy,Denison offers a test optional policy which allows students to be considered for admissions without SAT or ACT scores.,8042,33.9%,1210-1380,28-31,Granville,OH,43023,1210.0,1380.0,28.0,31.0,0.33899999999999997,1295.0,29.5,False
68,San Diego State University,Yes (TB),2021,The Cal State system has adopted a one-year test blind policy meaning they will not consider standardized test scores for applicants to the 2020-21 admission cycle.,69842,34.0%,1110-1320,22-29,San Diego,CA,92182-0001,1110.0,1320.0,22.0,29.0,0.34,1215.0,25.5,False
69,Kenyon College,Yes,2021,Kenyon has adopted a one-year test optional policy for applicants both domestic and international in the 2020-21 admission cycle.,6662,34.1%,1270-1460,29-33,Gambier,OH,43022,1270.0,1460.0,29.0,33.0,0.341,1365.0,31.0,False
70,College of the Holy Cross,Yes,All / Permanent Policy,The College of the Holy Cross offers a test optional policy which allows students to be considered for admission without SAT or ACT scores.,7200,34.2%,1260-1430,28-32,Worcester,MA,01610-2395,1260.0,1430.0,28.0,32.0,0.342,1345.0,30.0,False
71,Bucknell University,Yes,2021 2022 2023 2024 2025,Bucknell University adopted a five-year test optional policy for first-year students beginning with the 2020-21 admission cycle. However homeschooled students and international students are not eligible for test optional admission. Bucknell will use the five-year pilot period to assess the patterns of success for test score submitters and non-submitters.,9845,34.2%,1255-1430,28-32,Lewisburg,PA,17837,1255.0,1430.0,28.0,32.0,0.342,1342.5,30.0,False
72,Emerson College,Yes,All / Permanent Policy,Emerson College offers a test optional policy which allows students to be considered for admission without SAT or ACT scores. However homeschooled students are not eligible for test optional admission.,12941,35.6%,1200-1390,27-31,Boston,MA,02116-4624,1200.0,1390.0,27.0,31.0,0.35600000000000004,1295.0,29.0,False
73,Pepperdine University,Yes,2021,Pepperdine University has adopted a one-year test optional policy for applicants in the 2020-21 admission cycle.,11265,35.7%,1220-1420,26-32,Malibu,CA,90263,1220.0,1420.0,26.0,32.0,0.35700000000000004,1320.0,29.0,False
74,Hampton University,Yes*,All / Permanent Policy,Hampton University requires either the SAT or ACT however they will waive this requirement for students with a 3.3+ GPA or who rank in the top 10% of their class. It does not require the optional SAT Essay or ACT Writing Test. Subject Tests are not required.,13028,36.0%,1040-1310,19-24,Hampton,VA,23668-0099,1040.0,1310.0,19.0,24.0,0.36,1175.0,21.5,False
75,Oberlin College,Yes,2021 2022 2023,Oberlin College has adopted a three-year test optional policy for first-time international and homeschooled students beginning with the 2020-21 admission cycle. After a three-year pilot period Oberlin will re-evaluate whether to continue the test optional policy indefinitely or reinstate a testing requirement for admission.,7708,36.4%,1280-1480,29-33,Oberlin,OH,44074,1280.0,1480.0,29.0,33.0,0.364,1380.0,31.0,False
76,Occidental College,Yes,2021,Occidental has adopted a one-year test optional policy for first-year and transfer applicants both domestic and international in the 2020-21 admission cycle.,7501,36.7%,1300-1480,28-32,Los Angeles,CA,90041-3392,1300.0,1480.0,28.0,32.0,0.36700000000000005,1390.0,30.0,False
77,Connecticut College,Yes,All / Permanent Policy,Connecticut College offers a test optional policy which allows students to be considered for admission without SAT or ACT scores. ,6784,37.4%,1310-1450,30-33,New London,CT,06320-4196,1310.0,1450.0,30.0,33.0,0.374,1380.0,31.5,False
78,Mount Holyoke College,Yes,All / Permanent Policy,Mount Holyoke College offers a test optional policy which allows students to be considered for admission without SAT or ACT scores. However homeschooled students are not eligible for test optional admission.,3908,38.2%,1270-1490,27-32,South Hadley,MA,01075-1489,1270.0,1490.0,27.0,32.0,0.382,1380.0,29.5,False
79,Berea College,Yes,2021,Berea College has adopted a one-year test optional policy for students applying for the Fall 2021 semester.,1576,38.2%,1030-1213,22-27,Berea,KY,40404-2182,1030.0,1213.0,22.0,27.0,0.382,1121.5,24.5,False
80,Soka University of America,Yes,2021,Soka University has adopted a one-year test optional policy for students applying for the Fall 2021 semester.,464,38.8%,1180-1410,27-30,Aliso Viejo,CA,92656-8081,1180.0,1410.0,27.0,30.0,0.38799999999999996,1295.0,28.5,False
81,Reed College,Yes (TB),2021 2022,Reed has adopted a two-year test blind admission policy which means students' SAT and ACT scores will not be considered as part of their application review.,5815,39.5%,1325-1520,30-34,Portland,OR,97202-8199,1325.0,1520.0,30.0,34.0,0.395,1422.5,32.0,False
82,Dickinson College,Yes,All / Permanent Policy,Dickinson College offers a test optional policy which allows students to be considered for admission without SAT or ACT scores.,6426,40.1%,1240-1410,28-32,Carlisle,PA,17013-2896,1240.0,1410.0,28.0,32.0,0.401,1325.0,30.0,False
83,University of Tulsa,Yes,2021,University of Tulsa has adopted a one-year test optional policy for first-year applicants entering in the Spring and Fall of 2021.,8526,40.8%,1180-1410,25-32,Tulsa,OK,74104-3189,1180.0,1410.0,25.0,32.0,0.408,1295.0,28.5,False
84,George Washington University,Yes,All / Permanent Policy,George Washington University offers a test optional policy which allows students to be considered for admission without SAT or ACT scores. However applicants applying to the accelerated Seven-Year B.A./M.D. Program students who attend secondary schools that do not provide letter grades homeschooled students and recruited NCAA Division 1 athletes are not eligible for test optional admission.,26968,40.9%,1280-1470,29-33,Washington,DC,20052,1280.0,1470.0,29.0,33.0,0.409,1375.0,31.0,False
85,Stevens Institute of Technology,Yes,2021,Stevens Institute of Technology has adopted a one-year test optional policy for applicants in the 2020-21 admission cycle. However homeschooled students and students applying to the Pre-Med and Pre-Law programs are not eligible for test optional admissions.,9265,41.4%,1330-1480,30-33,Hoboken,NJ,07030-5991,1330.0,1480.0,30.0,33.0,0.414,1405.0,31.5,False
86,Rensselaer Polytechnic Institute,Yes,2021,Rensselaer has adopted a one-year test optional policy for first-year and transfer applicants both domestic and international in the 2020-21 admission cycle.,20402,43.0%,1330-1500,29-33,Troy,NY,12180-3590,1330.0,1500.0,29.0,33.0,0.43,1415.0,31.0,False
87,Bentley University,Yes,2021,Bentley University has adopted a one-year test optional policy for first-year applicants both domestic and international in the 2020-21 admission cycle.,9252,43.2%,1240-1410,28-32,Waltham,MA,02452-4705,1240.0,1410.0,28.0,32.0,0.43200000000000005,1325.0,30.0,False
88,Spelman College,Yes,2021,Spelman has adopted a one-year test optional policy for students applying in the 2020-21 admission cycle.,9106,43.4%,1080-1230,22-26,Atlanta,GA,30314-4399,1080.0,1230.0,22.0,26.0,0.434,1155.0,24.0,False
89,Loyola Marymount University,Yes,2021,Loyola Marymount University has adopted a one-year test optional policy for first-year applicants both domestic and international in the 2020-21 admission cycle.,18592,43.8%,1230-1410,27-31,Los Angeles,CA,90045-2659,1230.0,1410.0,27.0,31.0,0.43799999999999994,1320.0,29.0,False
90,Rhodes College,Yes,2021 2022 2023,Rhodes College has adopted a three-year test optional policy for all first-year applicants beginning with the 2020-21 admission cycle. After a three-year pilot period Rhodes will re-evaluate whether to continue the test optional policy indefinitely or reinstate a testing requirement for admission.,5207,44.7%,1220-1430,27-32,Memphis,TN,38112-1690,1220.0,1430.0,27.0,32.0,0.447,1325.0,29.5,False
91,Baylor University,Yes,2021,Baylor University has adopted a one-year test optional policy for first-year applicants both domestic and international in the 2020-21 admission cycle.,34582,45.3%,1200-1380,26-32,Waco,TX,76798,1200.0,1380.0,26.0,32.0,0.45299999999999996,1290.0,29.0,False
92,University of Dallas,Yes,2021,University of Dallas has adopted a one-year test optional policy for first-year applicants both domestic and international in the 2020-21 admission cycle.,4676,45.3%,1150-1360,24-30,Irving,TX,75062-4736,1150.0,1360.0,24.0,30.0,0.45299999999999996,1255.0,27.0,False
93,Gettysburg College,Yes,All / Permanent Policy,Gettysburg College offers a test optional policy which allows students to be considered for admission without SAT or ACT scores. However Gettysburg recommends that both international and homeschooled students submit SAT or ACT scores.,6269,45.4%,1270-1420,26-30,Gettysburg,PA,17325,1270.0,1420.0,26.0,30.0,0.45399999999999996,1345.0,28.0,False
94,Fordham University,Yes,2021 2022,Fordham University has adopted a two-year test optional policy for first-year and transfer applicants beginning with the 2020-21 admission cycle. After a two-year period Fordham will re-evaluate whether to continue the test optional policy indefinitely or reinstate a testing requirement for admission.,46308,46.0%,1250-1430,28-32,Bronx,NY,10458,1250.0,1430.0,28.0,32.0,0.46,1340.0,30.0,False
95,Texas Christian University,Yes,2021,Texas Christian University has adopted a one-year test optional policy for first-year applicants both domestic and international in the 2020-21 admission cycle.,19028,47.1%,1150-1350,25-31,Fort Worth,TX,76129,1150.0,1350.0,25.0,31.0,0.47100000000000003,1250.0,28.0,False
96,Southern Methodist University,Yes,2021,Southern Methodist University has adopted a one-year test optional policy for the 2020-21 admission cycle.,13959,47.3%,1300-1480,29-33,Dallas,TX,75275-0221,1300.0,1480.0,29.0,33.0,0.473,1390.0,31.0,False
97,Providence College,Yes,All / Permanent Policy,Providence College offers a test optional policy which allows students to be considered for admission without SAT or ACT scores.,11478,47.5%,1210-1350,27-31,Providence,RI,02918-0001,1210.0,1350.0,27.0,31.0,0.475,1280.0,29.0,False
98,University of Georgia,Yes,2021,The University System of Georgia has adopted a one-year test optional policy for first year applicants both domestic and international applying in the 2020-21 admission cycle.,26027,48.6%,1240-1410,27-32,Athens,GA,30602,1240.0,1410.0,27.0,32.0,0.486,1325.0,29.5,False
99,University of San Diego,Yes,All / Permanent Policy,University of San Diego offers a test optional policy which allows students to be considered for admission without SAT or ACT scores.,13755,48.7%,1200-1350,26-31,San Diego,CA,92110-2492,1200.0,1350.0,26.0,31.0,0.48700000000000004,1275.0,28.5,False
100,University of Connecticut,Yes,2021 2022 2023,Unversity of Connecticut has adopted a three-year test optional policy for all students beginning with the 2020-2021 admission cycle.,34886,48.8%,1210-1420,26-31,Storrs,CT,6269,1210.0,1420.0,26.0,31.0,0.488,1315.0,28.5,False
101,Santa Clara University,Yes,2021 2022,Santa Clara University has adopted a two-year test optional policy for first-year and transfer applicants beginning with the 2020-21 admission cycle. After a two-year period Santa Clara will re-evaluate whether to continue the test optional policy indefinitely or reinstate a testing requirement for admission.,16300,48.8%,1280-1440,28-32,Santa Clara,CA,95053,1280.0,1440.0,28.0,32.0,0.488,1360.0,30.0,False
102,Southwestern University,Yes,All / Permanent Policy,Southwestern University has a test optional policy which allows students to be considered for admission without submitting SAT or ACT scores. However homeschooled students and international students are not eligible for test optional admission.,4766,49.0%,1140-1320,23-29,Georgetown,TX,78626,1140.0,1320.0,23.0,29.0,0.49,1230.0,26.0,False
103,Marist College,Yes,All / Permanent Policy,Marist College offers a test optional policy offers a test optional policy which allows students to be considered for admission without SAT or ACT scores. However homeschooled students and students applying to some programs are not eligible for test optional admission.,11260,49.2%,1210-1360,26-31,Poughkeepsie,NY,12601,1210.0,1360.0,26.0,31.0,0.49200000000000005,1285.0,28.5,False
104,The College of New Jersey,Yes,2021 2022 2023,The College of New Jersey has adopted a three-year test optional policy for all applicants beginning in the 2020-21 admission cycle.,13824,49.3%,1160-1360,25-30,Ewing,NJ,08628-7718,1160.0,1360.0,25.0,30.0,0.493,1260.0,27.5,False
105,Worcester Polytechnic Institute,Yes,All / Permanent Policy,Worcester Polytechnic Institute offers a test optional policy which allows students to be considered for admission without SAT or ACT scores.,10645,49.4%,1310-1470,29-33,Worcester,MA,01609-2280,1310.0,1470.0,29.0,33.0,0.494,1390.0,31.0,False
106,Syracuse University,Yes,2021,Syracuse has adopted a one-year test optional policy for students applying in the 2020-21 admission cycle.,34981,49.9%,1180-1370,25-30,Syracuse,NY,13244,1180.0,1370.0,25.0,30.0,0.499,1275.0,27.5,False
107,University of La Verne,Yes,All / Permanent Policy,University of La Verne offers a test optional policy which allows first-year applicants to be considered for admission without SAT or ACT scores.,7276,50.9%,1020-1205,20-26,La Verne,CA,91750-4401,1020.0,1205.0,20.0,26.0,0.509,1112.5,23.0,False
108,Clemson University,Yes,2021,Clemson has adopted a one-year test optional policy for students applying in the 2020-21 admission cycle.,29070,51.3%,1230-1400,27-32,Clemson,SC,29634,1230.0,1400.0,27.0,32.0,0.513,1315.0,29.5,False
109,Austin College,Yes,All / Permanent Policy,Austin College offers a test optional policy which allows students to be considered for admissions without SAT or ACT scores. However international students and homeschooled students are not eligible for test optional admission.,4360,51.3%,1110-1290,24-29,Sherman,TX,75090-4400,1110.0,1290.0,24.0,29.0,0.513,1200.0,26.5,False
110,Colorado School of Mines,Yes,2021,Colorado School of Mines has adopted a one-year test optional policy for students applying in the 2020-21 admission cycle.,11756,53.1%,1260-1460,27-33,Golden,CO,80401,1260.0,1460.0,27.0,33.0,0.531,1360.0,30.0,False
111,Chapman University,Yes,All / Permanent Policy,Chapman offers a test optional policy which allows students to be considered for admission without SAT or ACT scores. However homeschooled students and students who graduate from schools without traditional grades are not eligible for test optional admission.,14198,53.6%,1190-1370,25-30,Orange,CA,92866,1190.0,1370.0,25.0,30.0,0.536,1280.0,27.5,False
112,Texas Lutheran University,Yes,2021,Texas Lutheran University has adopted a one-year test optional policy for domestic first-year applicants in the 2020-21 admission cycle.,2198,54.3%,990-1160,19-25,Seguin,TX,78155-5999,990.0,1160.0,19.0,25.0,0.5429999999999999,1075.0,22.0,False
113,San Jose State University,Yes (TB),2021,The Cal State system has adopted a one-year test blind policy meaning they will not consider standardized test scores for applicants to the 2020-21 admission cycle.,36243,54.7%,1040-1260,19-26,San Jose,CA,95192-0001,1040.0,1260.0,19.0,26.0,0.547,1150.0,22.5,False
114,Whitman College,Yes,All / Permanent Policy,Whitman College offers a test optional policy which allows students to be considered for admission without SAT or ACT scores. However international and homeschooled students are strongly encouraged to submit SAT or ACT scores.,4832,55.8%,1240-1450,28-33,Walla Walla,WA,99362,1240.0,1450.0,28.0,33.0,0.5579999999999999,1345.0,30.5,False
115,Sarah Lawrence College,Yes,All / Permanent Policy,Sarah Lawrence College offers a test optional policy which allows students to be considered for admissions without SAT or ACT scores.,3325,55.8%,1240-1420,27-32,Bronxville,NY,10708,1240.0,1420.0,27.0,32.0,0.5579999999999999,1330.0,29.5,False
116,Abilene Christian University,Yes,2021,Abilene Christian University has adopted a one-year test optional policy for first-year applicants both domestic and international in the 2020-21 admission cycle.,11569,57.0%,1040-1230,21-27,Abilene,TX,79699,1040.0,1230.0,21.0,27.0,0.57,1135.0,24.0,False
117,Bennington College,Yes,All / Permanent Policy,Bennington has a test-optional policy which allows students to be considered for admission without submitting SAT or ACT scores.,1494,57.0%,1230-1390,28-32,Bennington,VT,05201-6003,1230.0,1390.0,28.0,32.0,0.57,1310.0,30.0,False
118,Fairfield University,Yes,All / Permanent Policy,Fairfield University offers a test optional policy which allows students to be considered for admission without SAT or ACT scores.,12315,57.1%,1210-1350,26-30,Fairfield,CT,06824-5195,1210.0,1350.0,26.0,30.0,0.5710000000000001,1280.0,28.0,False
119,Saint Louis University,Yes,2021,Saint Louis University has adopted a one-year test optional policy for applicants in the 2020-21 admission cycle.,15120,57.5%,1180-1370,25-31,Saint Louis,MO,63103-2097,1180.0,1370.0,25.0,31.0,0.575,1275.0,28.0,False
120,Lake Forest College,Yes,All / Permanent Policy,Lake Forest College has a test-optional policy which allows students to be considered for admission without submitting SAT or ACT scores. Test optional applicants must complete an interview. Homeschooled students are not eligible for test optional admission.,4147,57.9%,1110-1310,23-29,Lake Forest,IL,60045-2338,1110.0,1310.0,23.0,29.0,0.579,1210.0,26.0,False
121,Kennesaw State University,Yes,2021,The University System of Georgia has adopted a one-year test optional policy for first year applicants both domestic and international applying in the 2020-21 admission cycle.,13427,57.9%,1080-1270,21-26,Kennesaw,GA,30144,1080.0,1270.0,21.0,26.0,0.579,1175.0,23.5,False
122,Rollins College,Yes,All / Permanent Policy,"Rollins offers a test optional policy (""test scores waived option"") which allows students to be considered for admission without SAT or ACT scores. However applicants to the 3/2 Accelerated Management Program or the Honors Degree Program must submit test scores.",6167,58.3%,1160-1340,24-30,Winter Park,FL,32789-4499,1160.0,1340.0,24.0,30.0,0.583,1250.0,27.0,False
123,University of Hawaii at Manoa,Yes,2021,University of Hawaii has adopted a one-year test optional policy for applicants in the 2020-21 admission cycle.,16244,58.4%,1070-1270,21-26,Honolulu,HI,96822-2217,1070.0,1270.0,21.0,26.0,0.584,1170.0,23.5,False
124,University of Denver,Yes,All / Permanent Policy,University of Denver offers a test optional policy which allows students to be considered for admission without SAT or ACT scores. However homeschooled students are not eligible for test optional admission.,21028,58.7%,1170-1350,26-31,Denver,CO,80208,1170.0,1350.0,26.0,31.0,0.5870000000000001,1260.0,28.5,False
125,Millsaps College,Yes,2021,Millsaps College has adopted a one-year test optional policy for students applying in the 2020-21 admission cycle.,4161,59.3%,1080-1260,22-28,Jackson,MS,39210-0001,1080.0,1260.0,22.0,28.0,0.593,1170.0,25.0,False
126,Clark University,Yes,All / Permanent Policy,Clark University offers a test optional policy which allows students to be considered for admission without SAT or ACT scores. However international students are not eligible for test optional admission.,7687,59.4%,1200-1390,28-31,Worcester,MA,01610-1477,1200.0,1390.0,28.0,31.0,0.594,1295.0,29.5,False
127,Lipscomb University,Yes,2021,Lipscomb University has adopted a one-year test optional policy for first-year applicants entering in Spring and Fall 2021.,3638,59.5%,1060-1320,22-29,Nashville,TN,37204-3951,1060.0,1320.0,22.0,29.0,0.595,1190.0,25.5,False
128,Virginia Military Institute,Yes,2021,The Virginia Military Institute has adopted a one-year test optional policy for applicants in the 2020-21 admission cycle.,1515,59.5%,1090-1270,21-28,Lexington,VA,24450-0304,1090.0,1270.0,21.0,28.0,0.595,1180.0,24.5,False
129,Temple University,Yes,All / Permanent Policy,Temple University offers a test optional policy which allows students to be considered for admission without SAT or ACT scores. However home-schooled applicants recruited student athletes and international applicants are not eligible for test optional admission.,35599,60.0%,1120-1320,24-30,Philadelphia,PA,19122-6096,1120.0,1320.0,24.0,30.0,0.6,1220.0,27.0,False
130,Illinois Institute of Technology,Yes,2021,Illinois Institute of Technology has adopted a one-year test optional policy for students applying to the Spring and Fall 2021 semesters.,5049,60.2%,1190-1400,26-32,Chicago,IL,60616,1190.0,1400.0,26.0,32.0,0.602,1295.0,29.0,False
131,Yeshiva University,Yes,2021,Yeshiva has adopted a one-year test optional policy for students applying in the 2020-21 admission cycle.,1508,60.3%,1140-1400,22-30,New York,NY,10033-3299,1140.0,1400.0,22.0,30.0,0.603,1270.0,26.0,False
132,Illinois Wesleyan University,Yes,2021,Illinois Wesleyan has adopted a one-year test optional policy for applicants in the 2020-21 admission cycle. Test optional applicants must have an interview with their admissions counselor and submit an essay.,3719,60.8%,1120-1320,24-29,Bloomington,IL,61702-2900,1120.0,1320.0,24.0,29.0,0.608,1220.0,26.5,False
133,Furman University,Yes,All / Permanent Policy,Furman University offers a test optional policy which allows students to be considered for admission without SAT or ACT scores.,5469,61.1%,1230-1410,28-32,Greenville,SC,29613-6162,1230.0,1410.0,28.0,32.0,0.611,1320.0,30.0,False
134,SUNY College of Environmental Science and Forestry,Yes,2021,SUNY College of Environmental Science and Forestry has adopted a one-year test optional policy for students applying in the 2020-21 admission cycle.,2018,61.4%,1120-1310,23-29,Syracuse,NY,13210,1120.0,1310.0,23.0,29.0,0.614,1215.0,26.0,False
135,University of Portland,Yes,2021,University of Portland has adopted a one-year test optional policy for first-year applicants both domestic and international in the 2020-21 admission cycle.,14505,61.5%,1160-1330,23-29,Portland,OR,97203-5798,1160.0,1330.0,23.0,29.0,0.615,1245.0,26.0,False
136,Cornell College,Yes,All / Permanent Policy,Cornell College has a test optional policy which allows students to be considered for admission without submitting SAT or ACT scores. Students who apply test optional are expected to respond to two additional written prompts on their applications and to submit portfolios.,3118,61.8%,1100-1345,23-29,Mount Vernon,IA,52314-1098,1100.0,1345.0,23.0,29.0,0.618,1222.5,26.0,False
137,Muhlenberg College,Yes,All / Permanent Policy,Muhlenberg College offers a test optional policy which allows students to be considered for admissions without SAT or ACT scores.,4146,61.8%,1170-1360,26-30,Allentown,PA,18104,1170.0,1360.0,26.0,30.0,0.618,1265.0,28.0,False
138,Gonzaga University,Yes,2021,Gonzaga University has adopted a one-year test optional policy for first-year applicants both domestic and international in the 2020-21 admission cycle.,9279,61.9%,1210-1358,25-30,Spokane,WA,99258-0001,1210.0,1358.0,25.0,30.0,0.619,1284.0,27.5,False
139,Beloit College,Yes,All / Permanent Policy,Beloit offers a test optional policy which allows students to be considered for admissions without SAT or ACT scores.,3657,62.0%,1080-1380,24-30,Beloit,WI,53511-5595,1080.0,1380.0,24.0,30.0,0.62,1230.0,27.0,False
140,Lawrence University,Yes,All / Permanent Policy,Lawrence University offers a test optional policy which allows students to be considered for admissions without SAT or ACT scores.,3463,62.1%,1200-1430,25-32,Appleton,WI,54911,1200.0,1430.0,25.0,32.0,0.621,1315.0,28.5,False
141,University of Utah,Yes,2021 2022 2023,The University of Utah has adopted a test optional policy for students applying through Fall 2023. However students who have GEDs who attend a non-accredited high school or who are applying for direct admission into select programs are not eligible for TO. Test scores are also required for merit scholarships.,24404,62.1%,1142.5-1380,22-29,Salt Lake City,UT,84112-9008,1142.5,1380.0,22.0,29.0,0.621,1261.25,25.5,False
142,Allegheny College,Yes,All / Permanent Policy,Allegheny College offers a test optional policy which allows students to be considered for admissions without SAT or ACT scores. However international students are not eligible for test optional admission.,5208,62.2%,1170-1360,24-30,Meadville,PA,16335-3902,1170.0,1360.0,24.0,30.0,0.622,1265.0,27.0,False
143,University of Delaware,Yes,2021,University of Delaware has adopted a one-year test optional policy for all students applying to the Spring and Fall 2021 terms.,27691,62.4%,1170-1350,25-30,Newark,DE,19716,1170.0,1350.0,25.0,30.0,0.624,1260.0,27.5,False
144,Westmont College,Yes,2021,Westmont College has adopted a one-year test optional policy for student applying to the Spring and Fall 2021 semesters.,2937,62.4%,1110-1370,23-30,Santa Barbara,CA,93108-1089,1110.0,1370.0,23.0,30.0,0.624,1240.0,26.5,False
145,Luther College,Yes,2021,Luther College has adopted a one-year test optional policy for Fall 2021 applicants.,4422,62.6%,1050-1310,23-29,Decorah,IA,52101-1045,1050.0,1310.0,23.0,29.0,0.626,1180.0,26.0,False
146,Earlham College,Yes,All / Permanent Policy,Earlham offers a test optional policy which allows students to be considered for admissions without SAT or ACT scores. However international students and homeschooled students are not eligible for test optional admission.,2070,63.4%,1100-1370,23-30,Richmond,IN,47374-4095,1100.0,1370.0,23.0,30.0,0.634,1235.0,26.5,False
147,Augustana College,Yes,All / Permanent Policy,Augustana College has a test optional policy which allows students to be considered for admission without submitting SAT or ACT scores. Test optional applicants may be asked to complete an interview. However homeschooled applicants and international applicants are not eligible for test optional admission.,6211,63.6%,1070-1280,22-29,Rock Island,IL,61201-2296,1070.0,1280.0,22.0,29.0,0.636,1175.0,25.5,False
148,Wofford College,Yes,All / Permanent Policy,Wofford College has a test optional policy which allows students to be considered for admission without submitting SAT or ACT scores. However international students are not eligible for test optional admission.,3522,63.6%,1180-1350,27-30,Spartanburg,SC,29303-3663,1180.0,1350.0,27.0,30.0,0.636,1265.0,28.5,False
149,New Jersey Institute of Technology,Yes,2021,The New Jersey Institute of Technology has adopted a one-year test optional policy for applicants applying in the 2020-21 admissions cycle.,8123,63.7%,1190-1380,25-30,Newark,NJ,7102,1190.0,1380.0,25.0,30.0,0.637,1285.0,27.5,False
150,Wabash College,Yes,2021,Wabash has adopted a one-year test optional policy for applicants in the 2020-21 admission cycle.,1307,64.2%,1120-1320,23-29,Crawfordsville,IN,47933-0352,1120.0,1320.0,23.0,29.0,0.642,1220.0,26.0,False
151,DePauw University,Yes,All / Permanent Policy,DePauw University offers a test optional policy which allows students to be considered for admission without SAT or ACT scores. However homeschooled students and students who wish to apply for an Honor Scholar or Fellows program are not eligible for test optional admission.,4935,64.4%,1130-1360,23-30,Greencastle,IN,46135-1772,1130.0,1360.0,23.0,30.0,0.644,1245.0,26.5,False
152,Drury University,Yes,All / Permanent Policy,Drury University offers a test optional policy which allows domestic students to be considered for admission without SAT or ACT scores.,1664,64.4%,1045-1225,22-28,Springfield,MO,65802-3791,1045.0,1225.0,22.0,28.0,0.644,1135.0,25.0,False
153,University of San Francisco,Yes,All / Permanent Policy,University of San Francisco offers a test optional policy which allows students to be considered for admission without SAT or ACT scores.,18411,64.6%,1130-1330,23-29,San Francisco,CA,94117-1080,1130.0,1330.0,23.0,29.0,0.6459999999999999,1230.0,26.0,False
154,Bard College,Yes,All / Permanent Policy,Bard College offers a test optional policy which allows students to be considered for admission without SAT or ACT scores.,5141,64.6%,1248-1420,27-31,Annandale-On-Hudson,NY,12504-5000,1248.0,1420.0,27.0,31.0,0.6459999999999999,1334.0,29.0,False
155,Goshen College,Yes,2021,Goshen has adopted a one-year test optional policy for students applying to enroll in Fall 2021.,1278,64.7%,1010-1210,21-29,Goshen,IN,46526-4794,1010.0,1210.0,21.0,29.0,0.647,1110.0,25.0,False
156,Agnes Scott College,Yes,All / Permanent Policy,Agnes Scott College offers a test optional policy which allows students to be considered for admissions without SAT or ACT scores. However homeschooled students are not eligible for test optional admission.,1751,64.8%,1130-1340,24-30,Decatur,GA,30030-3770,1130.0,1340.0,24.0,30.0,0.648,1235.0,27.0,False
157,Virginia Polytechnic Institute and State University,Yes,2021,Virginia Polytechnic Institute and State University has adopted a one-year test optional policy for first-year applicants both domestic and international in the 2020-21 admission cycle.,31936,64.8%,1180-1390,25-31,Blacksburg,VA,24061-0131,1180.0,1390.0,25.0,31.0,0.648,1285.0,28.0,False
158,University of Houston,Yes,2021,University of Houston has adopted a one-year test optional policy for all first-year applicants applying in the 2020-21 admission cycle. Applicants electing TO must submit 2 letters of support a personal statement and a resum.,25393,65.0%,1140-1310,22-27,Houston,TX,77204-2018,1140.0,1310.0,22.0,27.0,0.65,1225.0,24.5,False
159,Truman State University,Yes (TF),2021,Truman State University has adopted a one-year Test Flexible policy which means that while they prefer students submit SAT or ACT scores applications will still be evaluated without them for students who couldn't test. Students applying without test scores must submit an essay and may be asked to provide additional information. Test scores are required to be eligible for some scholarships or programs.,4568,65.3%,1080-1358,24-30,Kirksville,MO,63501-4221,1080.0,1358.0,24.0,30.0,0.653,1219.0,27.0,False
160,University of the Pacific,Yes,All / Permanent Policy,University of the Pacific offers a test optional policy which allows students to be considered for admission without SAT or ACT scores.,13096,65.6%,1130-1360,23-31,Stockton,CA,95211-0197,1130.0,1360.0,23.0,31.0,0.6559999999999999,1245.0,27.0,False
161,Rochester Institute of Technology,Yes,All / Permanent Policy,Rochester Institute of Technology offers a test optional policy which allows students applying to most programs to be considered for admission without SAT or ACT scores. Students applying to imaging science motion picture science and photographic sciences within the College of Art & Design must still provide test scores,18948,66.0%,1200-1400,27-32,Rochester,NY,14623-5603,1200.0,1400.0,27.0,32.0,0.66,1300.0,29.5,False
162,Berry College,Yes,All / Permanent Policy,Berry College offers a test optional policy which allows students to apply without standardized test scores.,3970,66.1%,1110-1310,23-29,Mount Berry,GA,30149,1110.0,1310.0,23.0,29.0,0.6609999999999999,1210.0,26.0,False
163,Mississippi State University,Yes,2021,Mississippi State has adopted a one-year test optional policy for students applying in the 2020-21 admission cycle.,18269,66.3%,1070-1280,22-30,Mississippi State,MS,39762,1070.0,1280.0,22.0,30.0,0.6629999999999999,1175.0,26.0,False
164,Hanover College,Yes,All / Permanent Policy,Hanover College offers a test optional policy which allows applicants to be considered for admission without SAT or ACT scores.,7795,66.9%,1078-1300,22-28,Hanover,IN,47243,1078.0,1300.0,22.0,28.0,0.669,1189.0,25.0,False
165,Coe College,Yes*,All / Permanent Policy,Coe College requires either the SAT or ACT however it will waive this requirement if you have a 3.0+ GPA. It does not require the optional SAT Essay or ACT Writing Test. Subject Tests are not required.,7795,66.9%,1078-1300,22-28,Cedar Rapids,IA,52402-5092,1078.0,1300.0,22.0,28.0,0.669,1189.0,25.0,False
166,Loyola University Chicago,Yes,All / Permanent Policy,Loyola University Chicago offers a test optional policy which allows students to be considered for admission without standardized test scores. However students applying for admission to the Bachelor of Nursing and Engineering Science programs will still be required to submit a self-reported test score as part of the requirement for review.,25583,67.2%,1140-1320,25-30,Chicago,IL,60660,1140.0,1320.0,25.0,30.0,0.672,1230.0,27.5,False
167,University of Vermont,Yes,2021,University of Vermont has adopted a one-year test optional policy for students applying in the 2020-21 admission cycle.,19233,67.3%,1180-1360,26-31,Burlington,VT,05405-0160,1180.0,1360.0,26.0,31.0,0.6729999999999999,1270.0,28.5,False
168,San Francisco State University,Yes (TB),2021,The Cal State system has adopted a one-year test blind policy meaning they will not consider standardized test scores for applicants to the 2020-21 admission cycle.,34629,67.3%,940-1150,17-23,San Francisco,CA,94132,940.0,1150.0,17.0,23.0,0.6729999999999999,1045.0,20.0,False
169,Drake University,Yes,All / Permanent Policy,"Drake University offers a test optional policy which it refers to as a ""test-flexible"" plan which allows students to either write an essay or sit for an interview in lieu of submitting test scores. However homeschooled students as well as applicants to certain programs are not eligible for test optional admission.",6944,67.6%,1100-1370,24-31,Des Moines,IA,50311-4505,1100.0,1370.0,24.0,31.0,0.6759999999999999,1235.0,27.5,False
170,Stonehill College,Yes,All / Permanent Policy,Stonehill College offers a test optional policy which allows applicants to be considered for admission without SAT or ACT scores.,6961,67.7%,1120-1290,24-28.5,Easton,MA,02357-6110,1120.0,1290.0,24.0,28.5,0.677,1205.0,26.25,False
171,Taylor University,Yes,All / Permanent Policy,Taylor University offers a test optional policy which allows students to be considered for admission without SAT or ACT scores. Students who choose not to submit scores may be asked to provide more information or complete proficiency exams.,2341,68.1%,1080-1310,22-28,Upland,IN,46989-1001,1080.0,1310.0,22.0,28.0,0.6809999999999999,1195.0,25.0,False
173,Knox College,Yes,All / Permanent Policy,Knox College offers a test optional policy which allows students to be considered for admissions without SAT or ACT scores. However homeschooled students are not eligible for test optional admission.,3397,68.3%,1090-1350,24-31,Galesburg,IL,61401,1090.0,1350.0,24.0,31.0,0.6829999999999999,1220.0,27.5,False
174,Hofstra University,Yes,All / Permanent Policy,Hofstra Univeristy offers a test optional policy which allows students to be considered for admission without SAT or ACT scores. However homeschooled students and international students are not eligible for test optional admission.,24425,68.5%,1160-1340,25-30,Hempstead,NY,11549,1160.0,1340.0,25.0,30.0,0.685,1250.0,27.5,False
175,Ithaca College,Yes,All / Permanent Policy,Ithaca College offers a test optional policy which allows students to be considered for admission without SAT or ACT scores. However homeschooled students are not eligible for test optional admission.,15278,68.5%,1160-1338,25-30,Ithaca,NY,14850-7002,1160.0,1338.0,25.0,30.0,0.685,1249.0,27.5,False
176,Albion College,Yes,2021,Albion College has adopted a one-year test optional policy for first-year applicants both domestic and international in the 2020-21 admission cycle.,4043,68.8%,990-1200,21-27,Albion,MI,49224,990.0,1200.0,21.0,27.0,0.688,1095.0,24.0,False
177,Texas Tech University,Yes,2021,Texas Tech University has adopted a one-year test optional policy for both domestic and international first-year applicants ientering in the Fall of 2021. It is highly encouraged to submit an SAT/ACT score if an applicant is able to do so in order to qualify for scholarships. It does not require the SAT Essay or ACT Writing Test.,25384,68.9%,1070-1260,22-27,Lubbock,TX,79409-5005,1070.0,1260.0,22.0,27.0,0.6890000000000001,1165.0,24.5,False
178,Ohio Wesleyan University,Yes,All / Permanent Policy,Ohio Wesleyan University offers a test optional policy which allows students to be considered for admission without SAT or ACT scores.,4705,69.0%,1060-1295,22-28,Delaware,OH,43015-2370,1060.0,1295.0,22.0,28.0,0.69,1177.5,25.0,False
179,Ripon College,Yes,All / Permanent Policy,Ripon College offers a test optional policy which allows applicants to be considered for admission without SAT or ACT scores. However homeschooled students are not eligible for test optional admission.,2619,69.0%,1000-1210,20-27,Ripon,WI,54971-0248,1000.0,1210.0,20.0,27.0,0.69,1105.0,23.5,False
180,Drew University,Yes,All / Permanent Policy,Drew University offers a test optional policy which allows applicants to be considered for admission without SAT or ACT scores.,3788,69.2%,1110-1310,25-30,Madison,NJ,7940,1110.0,1310.0,25.0,30.0,0.6920000000000001,1210.0,27.5,False
182,Bradley University,Yes,All / Permanent Policy,Bradley University offers a test optional policy which allows students to be considered for admission without SAT or ACT scores.,10708,70.2%,1070-1270,22-28,Peoria,IL,61625-0001,1070.0,1270.0,22.0,28.0,0.7020000000000001,1170.0,25.0,False
183,Seton Hall University,Yes,2021,Seton Hall University has adopted a one-year test optional policy for students applying in the 2020-21 admission cycle.,19260,70.4%,1150-1310,24-28,South Orange,NJ,07079-2697,1150.0,1310.0,24.0,28.0,0.7040000000000001,1230.0,26.0,False
184,Biola University,Yes,2021,Biola University has adopted a one-year test optional policy for first-year applicants in the 2020-21 admission cycle.,4149,70.5%,1080-1310,21-28,La Mirada,CA,90639-0001,1080.0,1310.0,21.0,28.0,0.705,1195.0,24.5,False
185,Ursinus College,Yes,All / Permanent Policy,Ursinus College has a test-optional policy which allows students to be considered for admissions without submitting SAT or ACT scores. However homeschooled applicants and applicants with narrative-style transcripts are not eligible for test optional admission.,3361,70.9%,1140-1320,23-28,Collegeville,PA,19426-1000,1140.0,1320.0,23.0,28.0,0.7090000000000001,1230.0,25.5,False
186,Clarkson University,Yes,2021,Clarkson University has adopted a one-year test optional policy for first-year applicants both domestic and international in the 2020-21 admission cycle.,6885,71.1%,1160-1350,24-30,Potsdam,NY,13699,1160.0,1350.0,24.0,30.0,0.711,1255.0,27.0,False
187,Michigan State University,Yes,2021,Michigan State has adopted a one-year test optional policy for first-year applicants both domestic and international in the 2020-21 admission cycle. However homeschooled students are not eligible for test optional admission.,44322,71.1%,1100-1320,23-29,East Lansing,MI,48824-1046,1100.0,1320.0,23.0,29.0,0.711,1210.0,26.0,False
188,Hollins University,Yes,2021,Hollins University has adopted a one-year test optional policy for first-year applicants in the 2020-21 admission cycle.,3244,71.2%,1070-1300,22-30,Roanoke,VA,24020,1070.0,1300.0,22.0,30.0,0.7120000000000001,1185.0,26.0,False
189,Creighton University,Yes,All / Permanent Policy,Creighton offers a test optional policy which allows students to be considered for admission without SAT or ACT scores. However applicants to the nursing program and homeschooled students are not eligible for test optional admission.,10112,71.4%,1150-1350,24-30,Omaha,NE,68178,1150.0,1350.0,24.0,30.0,0.7140000000000001,1250.0,27.0,False
190,California Lutheran University,Yes,All / Permanent Policy,California Lutheran University offers a test optional policy which allows students to be considered for admission without SAT or ACT scores. However homeschooled students are not eligible for test optional admission and test scores are required to qualify for some merit scholarships.,5752,71.5%,1070-1250,21-26,Thousand Oaks,CA,91360-2787,1070.0,1250.0,21.0,26.0,0.715,1160.0,23.5,False
191,University of Mary Washington,Yes,All / Permanent Policy,The University of Mary Washington offers a test optional policy which allows students to petition to be considered for admission without SAT or ACT scores. However students applying for the Pre-Nursing Program or merit based scholarships and homeschooled students are not eligible for test choice.,5909,71.8%,1050-1269,22-29,Fredericksburg,VA,22401-5300,1050.0,1269.0,22.0,29.0,0.718,1159.5,25.5,False
192,Christopher Newport University,Yes*,All / Permanent Policy,Christopher Newport University requires either the SAT or ACT however they will waive this requirement for students with a 3.5+ GPA or who rank in the top 10% of their class. For students applying in the 2020-21 admission cycle there is no minimum GPA for test optional admission.,7204,71.9%,1110-1280,22-27,Newport News,VA,23606-3072,1110.0,1280.0,22.0,27.0,0.7190000000000001,1195.0,24.5,False
193,Mercer University,Yes,2021 2022 2023,Mercer University has adopted a three-year test optional policy. After Fall 2023 they will reevaluate.,5454,72.0%,1180-1340,25-30,Macon,GA,31207,1180.0,1340.0,25.0,30.0,0.72,1260.0,27.5,False
194,University of Dayton,Yes,2021,The University of Dayton has adopted a test-flexible policy for high school juniors applying for its fall 2021 entering class. It does not require the optional SAT Essay or ACT Writing Test. Subject Tests are not required.,17462,72.0%,1120-1320,23-29,Dayton,OH,45469,1120.0,1320.0,23.0,29.0,0.72,1220.0,26.0,False
195,Lewis & Clark College,Yes,All / Permanent Policy,Lewis and Clark offers a test optional policy which allows students to be considered for admission without SAT or ACT scores. Prior to the 2020-21 admission cycle students who chose not to submit standardized test scores had to submit an academic portfolio in lieu of scores. However students will no longer be required to submit a portfolio.,5863,72.2%,1220-1400,27-31,Portland,OR,97219-7899,1220.0,1400.0,27.0,31.0,0.722,1310.0,29.0,False
196,Hendrix College,Yes,All / Permanent Policy,Hendrix College has a test optional policy which allows students to be considered for admission without submitting SAT or ACT scores. However homeschooled students and international students who are native speakers of English are not eligible for test optional admission.,1545,72.2%,1153-1390,26-32,Conway,AR,72032-3080,1153.0,1390.0,26.0,32.0,0.722,1271.5,29.0,False
197,University of Rhode Island,Yes,2021,University of Rhode Island has adopted a one-year test optional policy for applicants to the Spring and Fall 2021 semesters.,21259,72.3%,1012-1345,20-29,Kingston,RI,2881,1012.0,1345.0,20.0,29.0,0.723,1178.5,24.5,False
198,Stetson University,Yes,All / Permanent Policy,Stetson University offers a test optional policy which allows students to be considered for admission without SAT or ACT scores.,13005,72.4%,1110-1300,22-29,DeLand,FL,32723,1110.0,1300.0,22.0,29.0,0.7240000000000001,1205.0,25.5,False
199,Quinnipiac University,Yes,All / Permanent Policy,Quinnipiac University offers a test optional policy which allows most students applying to the College of Arts and Sciences School of Business School of Communications and School of Engineering to be considered for admission without SAT or ACT scores. Homeschooled students and students playing a Division I sport must provide test scores.,22753,72.5%,1090-1260,23-28,Hamden,CT,6518,1090.0,1260.0,23.0,28.0,0.725,1175.0,25.5,False
200,Duquesne University,Yes,All / Permanent Policy,Duquesne offers a test optional policy which allows students to be considered for admission without SAT or ACT scores.,7411,72.5%,1130-1300,23-28,Pittsburgh,PA,15282,1130.0,1300.0,23.0,28.0,0.725,1215.0,25.5,False
201,Simmons University,Yes,2021,Simmons University State has adopted a one-year test optional policy for first-year and transfer applicants both domestic and international in the 2020-21 admission cycle.,2933,73.1%,1110-1290,23-29,Boston,MA,02115-5898,1110.0,1290.0,23.0,29.0,0.731,1200.0,26.0,False
202,Wayne State University,Yes,2021,WSU has adopted a one-year test optional policy for applicants in the 2020-21 admission cycle.,15716,73.1%,1010-1230,21-27,Detroit,MI,48202,1010.0,1230.0,21.0,27.0,0.731,1120.0,24.0,False
203,Butler University,Yes,All / Permanent Policy,Butler University offers a test optional policy which allows students to be considered for admission without SAT or ACT scores. However applicants who major in Pre-Pharmacy Health Sciences and Healthcare and Business programs students who attend secondary schools that do not provide letter grades homeschooled students and transfer applicants who have completed fewer than 20 college credits are not eligible for test optional admission.,14891,73.2%,1150-1330,24-30,Indianapolis,IN,46208,1150.0,1330.0,24.0,30.0,0.732,1240.0,27.0,False
204,Point Loma Nazarene University,Yes,2021,PLNU has adopted a one-year test optional policy for Fall 2021 applicants.,3277,73.7%,1140-1310,24-29,San Diego,CA,92106-2899,1140.0,1310.0,24.0,29.0,0.737,1225.0,26.5,False
205,University of North Texas,Yes*,2021,University of North Texas requires either the SAT or ACT. However they will waive this requirement for students with a 3.0+ GPA. It does not require the optional SAT Essay or ACT Writing Test. Subject Tests are not required.,21540,73.7%,1060-1250,20-26,Denton,TX,76203-1277,1060.0,1250.0,20.0,26.0,0.737,1155.0,23.0,False
206,University of North Georgia,Yes,2021,The University System of Georgia has adopted a one-year test optional policy for first year applicants both domestic and international applying in the 2020-21 admission cycle.,6498,73.7%,1108-1273,22-27,Dahlonega,GA,30597,1108.0,1273.0,22.0,27.0,0.737,1190.5,24.5,False
207,Xavier University,Yes,All / Permanent Policy,Xavier University offers a test optional policy which allows students to be considered for admission without test scores. However homeschooled students are not eligible for test optional admission.,15100,73.8%,1070-1250,22-28,Cincinnati,OH,45207-1092,1070.0,1250.0,22.0,28.0,0.738,1160.0,25.0,False
208,Adelphi University,Yes,2021,Adelphi University has adopted a one-year test optional policy for first-year applicants both domestic and international in the 2020-21 admission cycle.,13006,74.2%,1080-1270,22-27,Garden City,NY,11530-0701,1080.0,1270.0,22.0,27.0,0.742,1175.0,24.5,False
209,Baldwin Wallace University,Yes,All / Permanent Policy,Baldwin Wallace University offers a test optional policy which allows students to be considered for admission without test scores. However home schooled students are not eligible for test optional admission.,3926,74.2%,1030-1250,21-27,Berea,OH,44017-2088,1030.0,1250.0,21.0,27.0,0.742,1140.0,24.0,False
210,Michigan Technological University,Yes,2021,Michigan Technological University has adopted a one-year test optional policy for applicants in the 2020-21 admission cycle. However homeschooled students and students applying for merit scholarships must submit test scores.,5978,74.3%,1170-1370,25-30,Houghton,MI,49931-1295,1170.0,1370.0,25.0,30.0,0.743,1270.0,27.5,False
211,Drexel University,Yes,2021,Drexel University has adopted a one-year test optional policy for applicants in the 2020-21 admission cycle.,31824,74.7%,1190-1390,25-31,Philadelphia,PA,19104,1190.0,1390.0,25.0,31.0,0.747,1290.0,28.0,False
212,University of Redlands,Yes,All / Permanent Policy,University of Redlands offers a test optional policy which allows students to be considered for admission without SAT or ACT scores.,4713,75.0%,1100-1250,23-28,Redlands,CA,92373-0999,1100.0,1250.0,23.0,28.0,0.75,1175.0,25.5,False
213,Loyola University New Orleans,Yes (TB),All / Permanent Policy,Starting with the Fall 2021 application cycle Loyola will not require a standardized test score for its university admission application and will not consider a test score should a student choose to submit.,5857,75.0%,1050-1260,22-28,New Orleans,LA,70118-6143,1050.0,1260.0,22.0,28.0,0.75,1155.0,25.0,False
214,Whittier College,Yes*,All / Permanent Policy,Whittier College offers a test optional policy which allows students to be considered for admission without test scores. Students with a GPA below 3.0 may be asked to submit standardized test scores.,6220,75.9%,1030-1213,20-25,Whittier,CA,90601,1030.0,1213.0,20.0,25.0,0.759,1121.5,22.5,False
215,Kalamazoo College,Yes,All / Permanent Policy,Kalamazoo College offers a test optional policy which allows students to be considered for admissions without SAT or ACT scores.,3576,76.0%,1170-1370,25-31,Kalamazoo,MI,49006-3295,1170.0,1370.0,25.0,31.0,0.76,1270.0,28.0,False
216,Towson University,Yes,2021,Towson has adopted a one-year test optional policy for applicants for Fall 2021 admission.,12678,76.3%,1060-1220,20-25,Towson,MD,21252-0001,1060.0,1220.0,20.0,25.0,0.763,1140.0,22.5,False
217,Centre College,Yes,2021 2022 2023,Centre College has adopted a three-year test optional policy for first year students beginning with the 2020-21 admission cycle. After a three-year pilot period Centre will re-evaluate whether to continue the test optional policy indefinitely or reinstate a testing requirement for admission.,2212,76.4%,1130-1380,26-32,Danville,KY,40422-1394,1130.0,1380.0,26.0,32.0,0.764,1255.0,29.0,False
218,James Madison University,Yes,All / Permanent Policy,James Madison University offers a test optional policy which allows students to be considered for admission without SAT or ACT scores.,23578,76.8%,1120-1290,23-28,Harrisonburg,VA,22807,1120.0,1290.0,23.0,28.0,0.768,1205.0,25.5,False
219,Appalachian State University,Yes,2021,Appalachian State has adopted a one-year test optional policy for students applying in the 2020-21 admission cycle.,16664,76.8%,1100-1270,22-28,Boone,NC,28608,1100.0,1270.0,22.0,28.0,0.768,1185.0,25.0,False
220,High Point University,Yes,All / Permanent Policy,High Point University offers a test optional policy which allows students to be considered for admission without SAT or ACT scores. However students seeking some merit scholarship or those who wish to be placed in the Honors Program need to submit test scores.,10098,76.9%,1090-1250,22-27,High Point,NC,27268,1090.0,1250.0,22.0,27.0,0.769,1170.0,24.5,False
221,Virginia Commonwealth University,Yes*,All / Permanent Policy,Virginia Commonwealth University requires either the SAT or ACT. However they will waive the requirement for students with a 3.3+ GPA. Applicants who wish to qualify for merit scholarships homeschooled applicants applicants to the VCU Honors College College of Engineering or School of Education and non-native English speakers are not eligible for TO. It does not require the optional SAT Essay or ACT Writing Test. Subject Tests are not required.,18622,77.1%,1070-1260,21-28,Richmond,VA,23284-2512,1070.0,1260.0,21.0,28.0,0.7709999999999999,1165.0,24.5,False
222,John Brown University,Yes,2021,John Brown University has adopted a one-year test optional policy for students entering in Fall 2021.,1094,77.1%,1060-1365,23-30,Siloam Springs,AR,72761,1060.0,1365.0,23.0,30.0,0.7709999999999999,1212.5,26.5,False
223,University of Idaho,Yes,2021,University of Idaho has adopted a one-year test optional policy for students applying in the 2020-21 admission cycle.,8071,77.8%,1010-1240,20-27,Moscow,ID,83844-2282,1010.0,1240.0,20.0,27.0,0.778,1125.0,23.5,False
224,Willamette University,Yes,All / Permanent Policy,Willamette University offers a test optional policy which allows students to be considered for admissions without SAT or ACT scores.,3972,77.9%,1140-1340,31-35,Salem,OR,97301,1140.0,1340.0,31.0,35.0,0.779,1240.0,33.0,False
225,Carroll College,Yes*,All / Permanent Policy,Carroll College requires either the SAT or ACT however it will waive this requirement for students with a 3.0+ unweighted GPA. Students who are homeschooled wish to apply to Direct Entry Nursing or wish to participate in intercollegiate atheletics are not elligible for test optional admission. It does not require the optional SAT Essay or ACT Writing Test. Subject Tests are not required.,2709,78.3%,1070-1270,22-28,Helena,MT,59625-0002,1070.0,1270.0,22.0,28.0,0.7829999999999999,1170.0,25.0,False
226,College of Charleston,Yes,2021,The College of Charleston has adopted a one-year test optional policy for applicants in the 2020-21 admissions cycle. However home-schooled students are required to submit scores.,11783,78.3%,1080-1260,22-28,Charleston,SC,29424-0001,1080.0,1260.0,22.0,28.0,0.7829999999999999,1170.0,25.0,False
227,Elon University,Yes,2021 2022 2023,Elon has adopted a three-year test optional policy for all first-year and transfer applicants beginning with the 2020-21 admission cycle. After a three-year period Elon will re-evaluate whether to continue the test optional policy indefinitely or reinstate a testing requirement for admission.,10500,78.4%,1160-1320,25-30,Elon,NC,27244-2010,1160.0,1320.0,25.0,30.0,0.784,1240.0,27.5,False
228,Seattle University,Yes,All / Permanent Policy,Seattle University offers a test optional policy which allows students to be considered for admission without SAT or ACT scores. However homeschooled applicants are not elligible for test optional admission.,7968,78.5%,1160-1330,24-30,Seattle,WA,98122-4340,1160.0,1330.0,24.0,30.0,0.785,1245.0,27.0,False
229,Pacific Lutheran University,Yes,All / Permanent Policy,Pacific Lutheran University offers a test optional policy which allows students to be considered for admission without SAT or ACT scores. However applicants from schools with written evaluations rather than grades and homeschooled students are not eligible for test optional admission. Applicants to the nursing program students interested in teaching and international applicants strongly encouraged to submit scores.,3740,79.8%,1070-1270,20-28,Tacoma,WA,98447-0003,1070.0,1270.0,20.0,28.0,0.7979999999999999,1170.0,24.0,False
230,Loyola University Maryland,Yes,All / Permanent Policy,Loyola University Maryland offers a test optional policy which allows students to be considered for admission without SAT or ACT scores. However homeschooled students are not eligible for test optional admission.,10077,80.2%,1143-1320,25-30,Baltimore,MD,21210-2699,1143.0,1320.0,25.0,30.0,0.802,1231.5,27.5,False
231,Goucher College,Yes,All / Permanent Policy,Goucher College offers a test optional policy which allows applicants to be considered for admission without SAT or ACT scores.,3154,80.4%,1040-1290,22-29,Baltimore,MD,21204-2794,1040.0,1290.0,22.0,29.0,0.804,1165.0,25.5,False
232,Auburn University,Yes,2021,Auburn University has adopted a one-year test optional policy however students who choose not to submit ACT/SAT scores must submit a graded writing assignment an expanded resume or an AP/IB score report.,20205,80.7%,1150-1320,25-31,Auburn,AL,36849,1150.0,1320.0,25.0,31.0,0.807,1235.0,28.0,False
233,Siena College,Yes,All / Permanent Policy,Siena College offers a test optional policy which allows applicants to be considered for admission without SAT or ACT scores. However applicants must meet certain academic requirements to apply test optional. Additionally applicants to select programs are not eligible for test optional admission.,7728,81.1%,1070-1280,22-28,Loudonville,NY,12211-1462,1070.0,1280.0,22.0,28.0,0.8109999999999999,1175.0,25.0,False
234,University of North Dakota,Yes,2021,University of North Dakota has adopted a one-year test optional policy for first-year applicants both domestic and international entering through Fall 2022.,4964,81.1%,1010-1250,20-26,Grand Forks,ND,58202-8193,1010.0,1250.0,20.0,26.0,0.8109999999999999,1130.0,23.0,False
235,Texas State University,Yes,2021,"Texas State University has adopted a one-year ""holistic review"" policy for applicants whose test dates have been affected by COVID-19 cancellations.",23583,81.1%,1010-1180,19.3-25.3,San Marcos,TX,78666,1010.0,1180.0,19.3,25.3,0.8109999999999999,1095.0,22.3,False
236,University of Memphis,Yes,2021,UM has adopted a one-year test optional policy for students applying in the 2020-21 admission cycle.,15381,81.4%,1010-1230,19-26,Memphis,TN,38152,1010.0,1230.0,19.0,26.0,0.8140000000000001,1120.0,22.5,False
237,West Virginia University,Yes,2021,WVU has adopted a one-year test optional policy for students applying in the 2020-21 admission cycle.,18639,81.6%,1050-1240,21-27,Morgantown,WV,26506,1050.0,1240.0,21.0,27.0,0.816,1145.0,24.0,False
238,University of Oregon,Yes,All / Permanent Policy,The University of Oregon offers a test optional policy which allows students to be considered for admission without SAT or ACT scores. However applicants from nonaccredited schools and homeschooled students are not eligible for test optional admission and must submit two Subject Tests: Math I or II and a second one.,27358,81.6%,1100-1310,22-28,Eugene,OR,97403,1100.0,1310.0,22.0,28.0,0.816,1205.0,25.0,False
239,University of Iowa,Yes,2021,University of Iowa has adopted a one-year test optional policy for students applying in the 2020-21 admission cycle.,25928,82.6%,1130-1340,22-29,Iowa City,IA,52242-1316,1130.0,1340.0,22.0,29.0,0.826,1235.0,25.5,False
240,University of Alaska Anchorage,Yes,All / Permanent Policy,University of Alaska Anchorage offers a test optional policy which allows students to be considered for admission without SAT or ACT scores.,3673,83.0%,1020-1220,17-24,Anchorage,AK,99508,1020.0,1220.0,17.0,24.0,0.83,1120.0,20.5,False
241,Marquette University,Yes,All / Permanent Policy,Marquette University offers a test optional policy which allows students to be considered for admission without SAT or ACT scores to both domestic and international applicants.,15078,83.0%,1120-1320,24-29,Milwaukee,WI,53233,1120.0,1320.0,24.0,29.0,0.83,1220.0,26.5,False
242,Oregon State University,Yes,All / Permanent Policy,Oregon State University offers a test optional policy which allows students to be considered for admission without SAT or ACT scores.,15786,83.6%,1080-1320,21-28,Corvallis,OR,97331,1080.0,1320.0,21.0,28.0,0.836,1200.0,24.5,False
243,The Catholic University of America,Yes (TB),All / Permanent Policy,The Catholic University of America has adopted a test blind policy which means they will not consider SAT or ACT scores for admission.,6096,83.7%,1140-1320,24-30,Washington,DC,20064,1140.0,1320.0,24.0,30.0,0.8370000000000001,1230.0,27.0,False
244,University of Puget Sound,Yes,All / Permanent Policy,Puget Sound offers a test optional policy which allows students to be considered for admission without SAT or ACT scores. However students who attend secondary schools that do not provide letter grades and homeschooled students are not eligible for test optional admission.,5182,83.8%,1150-1370,25-30,Tacoma,WA,98416,1150.0,1370.0,25.0,30.0,0.838,1260.0,27.5,False
245,St. Mary's College of Maryland,Yes,All / Permanent Policy,Saint Mary's College of Maryland has a test-optional policy which allows students to be considered for admission without submitting SAT or ACT scores. However homeschooled applicants and applicants with non-traditional academic transcripts are not eligible for test optional admission.,1621,84.3%,1060-1290,21-29,St. Mary's City,MD,20686,1060.0,1290.0,21.0,29.0,0.843,1175.0,25.0,False
246,University of Arizona,Yes,All / Permanent Policy,University of Arizona offers a test optional policy which allows students to be considered for admission without SAT or ACT scores. However applicants to the UA Honors College the College of Fine Arts the College of Nursing the College of Architecture Planning and Landscape Architecture and College of Engineering and homeschooled students are not eligible for test optional admission.,40854,84.6%,1120-1350,21-29,Tucson,AZ,85721-0066,1120.0,1350.0,21.0,29.0,0.846,1235.0,25.0,False
247,Susquehanna University,Yes,All / Permanent Policy,Susquehanna University offers a test optional policy which allows applicants to be considered for admission without SAT or ACT scores.,4863,84.8%,1100-1290,22-28,Selinsgrove,PA,17870-1025,1100.0,1290.0,22.0,28.0,0.848,1195.0,25.0,False
248,Hope College,Yes,2021,Hope College has adopted a one-year test optional policy for applicants in the 2020-21 admission cycle. However students who wish to be considered for merit scholarships must submit test scores.,3748,85.7%,1130-1330,23-31,Holland,MI,49423-9000,1130.0,1330.0,23.0,31.0,0.857,1230.0,27.0,False
249,Valparaiso University,Yes,2021 2022,Valparaiso has adopted a two-year test optional policy. They will reevaluate their policy after the 2022 admission cycle.,5491,85.8%,1070-1290,22-29,Valparaiso,IN,46383,1070.0,1290.0,22.0,29.0,0.858,1180.0,25.5,False
250,George Mason University,Yes,All / Permanent Policy,George Mason University offers a test optional policy which allows students to be considered for admission without SAT or ACT scores. However students who major in computer science and engineering majors home-schooled applicants and students seeking to become a member of one of George Masons NCAA intercollegiate athletics teams are not eligible for test optional admission. The Volgenau School of Engineering entering classes of 2020 and 2021 are exempt from the 550 SAT Math/24 ACT Math requirement.,19554,86.7%,1110-1320,24-30,Fairfax,VA,22030-4444,1110.0,1320.0,24.0,30.0,0.867,1215.0,27.0,False
251,Transylvania University,Yes,All / Permanent Policy,Transylvania University has a test optional policy which allows students to be considered for admission without submitting SAT or ACT scores. However test optional applicants are strongly encouraged to visit the Transylvania campus for an in-depth interview.,1702,88.7%,1100-1310,24-30,Lexington,KY,40508-1797,1100.0,1310.0,24.0,30.0,0.887,1205.0,27.0,False
252,University of Maine,Yes,2021 2022,University of Maine has adopted a two-year test optional policy for first-year and transfer applicants beginning with the 2020-21 admission cycle. After a two-year period UM will re-evaluate whether to continue the test optional policy indefinitely or reinstate a testing requirement for admission.,13118,90.2%,1050-1260,21-27,Orono,ME,4469,1050.0,1260.0,21.0,27.0,0.902,1155.0,24.0,False
253,Iowa State University,Yes,2021,Iowa State University has adopted a one-year test optional policy for students applying in the 2020-21 admission cycle.,18246,92.1%,1100-1340,22-28,Ames,IA,50011-2103,1100.0,1340.0,22.0,28.0,0.9209999999999999,1220.0,25.0,False
254,Washington College,Yes,All / Permanent Policy,Ursinus College has a test-optional policy which allows students to be considered for admissions without submitting SAT or ACT scores. However homeschooled applicants and internantional applicants are not eligible for test optional admission.,2225,92.4%,1090-1300,20-29,Chestertown,MD,21620-1438,1090.0,1300.0,20.0,29.0,0.924,1195.0,24.5,False
255,Samford University,Yes,2021,Samford University has adopted a one-year test optional policy for students applying to the Fall 2021 semester.,3912,92.9%,1070-1250,23-29,Birmingham,AL,35229-2240,1070.0,1250.0,23.0,29.0,0.929,1160.0,26.0,False
257,University of Kentucky,Yes,2021,The University of Kentucky has adopted a one-year test optional policy for first-year applicants both domestic and international in the 2020-21 admission cycle.,19324,94.5%,1080-1300,23-29,Lexington,KY,40506-0032,1080.0,1300.0,23.0,29.0,0.945,1190.0,26.0,False
258,University of Toledo,Yes,All / Permanent Policy,University of Toledo offers a test optional policy which allows students to be considered for admission without SAT or ACT scores. However homeschooled students and students whose high schools do not provide grades are not eligible for test optional admission.,10228,95.1%,1000-1240,20-26,Toledo,OH,43606-3390,1000.0,1240.0,20.0,26.0,0.951,1120.0,23.0,False
260,Queens University of Charlotte,Yes,All / Permanent Policy,Queens University of Charlotte offers a test optional policy which allows students to be considered for admission without SAT or ACT scores though they encourage applicants to submit scores.,2319,96.2%,1040-1240,21-27,Charlotte,NC,28274-0001,1040.0,1240.0,21.0,27.0,0.9620000000000001,1140.0,24.0,False
